iteration,iteration_time,jacobian_time,memory_mb
0,0.026352882385253906,,654.934016
1,0.020576000213623047,,779.124736
2,0.020969867706298828,,810.139648
3,0.02077007293701172,,821.362688
4,0.019870996475219727,,829.898752
5,0.017913103103637695,,836.059136
6,0.020621061325073242,,854.360064
7,0.01782393455505371,,859.3408
8,0.017525911331176758,,862.109696
9,0.017805099487304688,,872.988672
10,0.0170900821685791,,877.903872
11,0.022294044494628906,,885.178368
12,0.022201061248779297,,887.472128
13,0.017568111419677734,,890.011648
14,0.01819014549255371,,891.305984
15,0.019871950149536133,,900.923392
16,0.018140077590942383,,911.802368
17,0.01769399642944336,,916.6848
18,0.017682790756225586,,917.99552
19,0.017386913299560547,,922.861568
20,0.017526865005493164,,927.711232
21,0.017214059829711914,,935.051264
22,0.01695418357849121,,936.329216
23,0.02191901206970215,,972.029952
24,0.016978979110717773,,973.37344
25,0.01898193359375,,1031.274496
26,0.01802992820739746,,1042.432
27,0.020860910415649414,,1041.69472
28,0.019560813903808594,,1053.32736
29,0.017414093017578125,,1056.964608
30,0.01749110221862793,,1058.57024
31,0.017559051513671875,,1061.044224
32,0.01741790771484375,,1046.560768
33,0.017781972885131836,,1051.492352
34,0.01876211166381836,,1014.792192
35,0.02094411849975586,,971.276288
36,0.01840996742248535,,949.12512
37,0.01901698112487793,,966.262784
38,0.01753711700439453,,965.689344
39,0.01896500587463379,,997.605376
40,0.01750922203063965,,1006.026752
41,0.017184019088745117,,1009.713152
42,0.017221927642822266,,1015.791616
43,0.021341323852539062,,1040.54784
44,0.017638683319091797,,1033.469952
45,0.017699718475341797,,1023.033344
46,0.017574071884155273,,1028.5056
47,0.01752018928527832,,1029.832704
48,0.017016887664794922,,1031.110656
49,0.017288923263549805,,1030.979584
50,0.017427921295166016,,1120.862208
51,0.01775527000427246,,1130.184704
52,0.0172269344329834,,1131.544576
53,0.01762986183166504,,1132.838912
54,0.016907930374145508,,1137.410048
55,0.016835927963256836,,1170.178048
56,0.016909122467041016,,1173.880832
57,0.0175020694732666,,1175.158784
58,0.01737213134765625,,1177.27232
59,0.017527103424072266,,1185.792
60,0.01766490936279297,,1188.265984
61,0.017686128616333008,,1194.754048
62,0.019408226013183594,,1191.575552
63,0.016826868057250977,,1192.886272
64,0.016735076904296875,,1200.226304
65,0.01988506317138672,,1227.538432
66,0.018995046615600586,,1230.60224
67,0.017634153366088867,,1220.395008
68,0.019639015197753906,,1176.666112
69,0.017084121704101562,,1143.27552
70,0.01976799964904785,,1160.036352
71,0.017414093017578125,,1164.886016
72,0.016986846923828125,,1165.950976
73,0.01693892478942871,,1172.668416
74,0.018712997436523438,,1175.830528
75,0.017440080642700195,,1220.083712
76,0.017755746841430664,,1228.161024
77,0.017091035842895508,,1230.27456
78,0.017596006393432617,,1231.568896
79,0.017036914825439453,,1240.039424
80,0.018342971801757812,,1246.0032
81,0.017895936965942383,,1229.78304
82,0.01769876480102539,,1231.077376
83,0.017666101455688477,,1225.474048
84,0.017358064651489258,,1194.868736
85,0.017061948776245117,,1200.930816
86,0.017896175384521484,,1212.366848
87,0.017596960067749023,,1213.661184
88,0.017461061477661133,,1214.95552
89,0.01795196533203125,,1247.854592
90,0.01755499839782715,,1253.916672
91,0.017739057540893555,,1257.63584
92,0.017135143280029297,,1266.057216
93,0.017699003219604492,,1269.743616
94,0.01787590980529785,,1274.118144
95,0.0173189640045166,,1275.41248
96,0.017743825912475586,,1281.490944
97,0.019723892211914062,,1315.848192
98,0.017663955688476562,,1317.421056
99,0.01751708984375,,1318.715392
100,0.016099929809570312,,1391.4112
101,0.017393112182617188,,1406.992384
102,0.017817020416259766,,1408.28672
103,0.01741313934326172,,1409.59744
104,0.017167091369628906,,1410.891776
105,0.016996145248413086,,1412.186112
106,0.01717400550842285,,1413.480448
107,0.018938779830932617,,1417.723904
108,0.017208099365234375,,1419.01824
109,0.01770329475402832,,1427.570688
110,0.017024993896484375,,1428.865024
111,0.017702817916870117,,1444.888576
112,0.016798973083496094,,1446.182912
113,0.017675161361694336,,1447.477248
114,0.017420053482055664,,1445.199872
115,0.01910877227783203,,1443.643392
116,0.01774311065673828,,1369.899008
117,0.0171968936920166,,1258.160128
118,0.016831159591674805,,1265.565696
119,0.018689870834350586,,1293.254656
120,0.021470069885253906,,1298.644992
121,0.023194074630737305,,1311.21152
122,0.01956009864807129,,1114.554368
123,0.019560813903808594,,933.658624
124,0.01966118812561035,,894.713856
125,0.026439189910888672,,628.031488
126,0.02108478546142578,,836.042752
127,0.01765918731689453,,867.909632
128,0.01804327964782715,,875.462656
129,0.018436908721923828,,896.057344
130,0.01840996742248535,,907.18208
131,0.017607927322387695,,901.9392
132,0.017225980758666992,,896.86016
133,0.017372846603393555,,909.39392
134,0.01997518539428711,,894.255104
135,0.017431974411010742,,892.469248
136,0.017979145050048828,,823.394304
137,0.01790785789489746,,824.999936
138,0.020124197006225586,,812.204032
139,0.016912221908569336,,815.169536
140,0.017201900482177734,,781.631488
141,0.02052903175354004,,757.055488
142,0.02858901023864746,,704.135168
143,0.019989728927612305,,677.56032
144,0.018435955047607422,,691.011584
145,0.01767706871032715,,697.46688
146,0.018208980560302734,,724.533248
147,0.01772785186767578,,726.024192
148,0.018851041793823242,,723.664896
149,0.017628908157348633,,724.598784
150,0.017989158630371094,,773.537792
151,0.020718812942504883,,800.342016
152,0.017529010772705078,,803.274752
153,0.01747894287109375,,794.001408
154,0.018097877502441406,,808.189952
155,0.017641782760620117,,815.497216
156,0.01852130889892578,,823.62368
157,0.017727136611938477,,832.55296
158,0.017707109451293945,,785.907712
159,0.019977092742919922,,762.380288
160,0.0217440128326416,,762.396672
161,0.017901182174682617,,771.719168
162,0.018036842346191406,,616.12032
163,0.01928877830505371,,638.664704
164,0.017602920532226562,,666.042368
165,0.017839908599853516,,678.166528
166,0.017119884490966797,,676.08576
167,0.017804861068725586,,643.825664
168,0.018123865127563477,,648.085504
169,0.017611026763916016,,651.886592
170,0.016593217849731445,,659.718144
171,0.01743793487548828,,661.127168
172,0.016739845275878906,,579.518464
173,0.01740288734436035,,582.0416
174,0.017358779907226562,,583.51616
175,0.0170137882232666,,725.549056
176,0.01746678352355957,,918.306816
177,0.016830921173095703,,922.17344
178,0.018701791763305664,,953.597952
179,0.017963171005249023,,958.578688
180,0.01667499542236328,,959.889408
181,0.017042160034179688,,961.265664
182,0.017292022705078125,,962.838528
183,0.01762986183166504,,964.263936
184,0.0181119441986084,,965.574656
185,0.01700615882873535,,931.446784
186,0.01832294464111328,,933.740544
187,0.01714491844177246,,944.062464
188,0.017412185668945312,,948.371456
189,0.017689228057861328,,952.97536
190,0.019891023635864258,,954.318848
191,0.017390966415405273,,960.856064
192,0.01752305030822754,,975.044608
193,0.017609119415283203,,978.419712
194,0.01751708984375,,982.13888
195,0.01703500747680664,,985.874432
196,0.01695108413696289,,990.068736
197,0.01685500144958496,,991.363072
198,0.017446041107177734,,993.984512
199,0.017096996307373047,,995.442688
